s1_entity_id,candidate_entity_id,candidate_source,prediction_probability,true_label,predicted_label,error_type,error_category,name_similarity,address_similarity,postal_match,city_match,state_match,country_match,house_number_match,numeric_overlap
S1-617270478,S2-758463856,S2,0.99335736,0,1,FALSE_POSITIVE,TYPE G — ORGANIZATION SUFFIX COLLISION,0.8290909090909091,0.6450617283950618,-1,-1,-1,1,0,0.0
S1-1727907,S2-245404125,S2,0.90493613,0,1,FALSE_POSITIVE,TYPE G — ORGANIZATION SUFFIX COLLISION,0.8125,0.6063829787234042,-1,-1,-1,1,-1,0.0
S1-486510827,S3-310652005,S3,0.81327254,0,1,FALSE_POSITIVE,TYPE H — OTHER,0.6666666666666667,0.855,-1,-1,-1,1,-1,0.0
S1-509332273,S2-213347281,S2,0.7045224,0,1,FALSE_POSITIVE,TYPE C — NAME + ADDRESS NEAR COLLISION,0.8787878787878788,0.855,-1,-1,-1,1,-1,0.0
S1-993604636,S3-930321997,S3,0.00023357371,1,0,FALSE_NEGATIVE,MODEL_DECISION_THRESHOLD,0.8142857142857143,0.46938775510204084,-1,-1,-1,1,-1,0.0
S1-758075760,S3-449179044,S3,0.000440147,1,0,FALSE_NEGATIVE,MODEL_DECISION_THRESHOLD,0.855,0.0,-1,-1,-1,1,-1,0.0
S1-578641214,S3-746522113,S3,0.0004832796,1,0,FALSE_NEGATIVE,MODEL_DECISION_THRESHOLD,0.838235294117647,0.855,-1,-1,-1,1,-1,0.0
S1-942104958,S3-887375431,S3,0.00061841216,1,0,FALSE_NEGATIVE,MODEL_DECISION_THRESHOLD,0.6181818181818182,0.855,-1,-1,-1,1,-1,0.0
S1-1727907,S2-663675272,S2,0.002673877,1,0,FALSE_NEGATIVE,MODEL_DECISION_THRESHOLD,0.8301886792452831,0.0,-1,-1,-1,1,-1,0.0
S1-467198990,S3-367123111,S3,0.002933346,1,0,FALSE_NEGATIVE,MODEL_DECISION_THRESHOLD,0.6333333333333332,0.0,-1,-1,-1,1,-1,0.0
S1-328164935,S2-218946869,S2,0.0031662665,1,0,FALSE_NEGATIVE,MODEL_DECISION_THRESHOLD,0.855,0.0,-1,-1,-1,1,-1,0.0
S1-109220061,S3-780224325,S3,0.0056963167,1,0,FALSE_NEGATIVE,MODEL_DECISION_THRESHOLD,0.83125,0.57,-1,-1,-1,1,-1,0.0
S1-993604636,S3-87179745,S3,0.008552947,1,0,FALSE_NEGATIVE,MODEL_DECISION_THRESHOLD,0.95,0.4421052631578948,-1,-1,-1,1,-1,0.0
S1-335576235,S2-735770697,S2,0.012345923,1,0,FALSE_NEGATIVE,MODEL_DECISION_THRESHOLD,0.8357142857142859,0.0,-1,-1,-1,1,-1,0.0
S1-820196196,S3-512010478,S3,0.020262836,1,0,FALSE_NEGATIVE,MODEL_DECISION_THRESHOLD,0.8580645161290323,0.0,-1,-1,-1,1,-1,0.0
S1-378978603,S3-948532405,S3,0.021260297,1,0,FALSE_NEGATIVE,MODEL_DECISION_THRESHOLD,0.855,0.0,-1,-1,-1,1,-1,0.0
S1-166601186,S3-743861068,S3,0.025599275,1,0,FALSE_NEGATIVE,MODEL_DECISION_THRESHOLD,0.855,0.625,-1,-1,-1,1,0,0.0
S1-578641214,S3-594893321,S3,0.02602158,1,0,FALSE_NEGATIVE,MODEL_DECISION_THRESHOLD,0.8092592592592592,0.855,-1,-1,-1,1,-1,0.0
S1-387694500,S3-77197957,S3,0.027469302,1,0,FALSE_NEGATIVE,MODEL_DECISION_THRESHOLD,0.836,0.0,-1,-1,-1,1,-1,0.0
S1-993604636,S3-25159378,S3,0.043982364,1,0,FALSE_NEGATIVE,MODEL_DECISION_THRESHOLD,1.0,0.4200000000000001,-1,-1,-1,1,-1,0.0
S1-224323971,S3-70374966,S3,0.049984306,1,0,FALSE_NEGATIVE,MODEL_DECISION_THRESHOLD,0.7647058823529411,0.0,-1,-1,-1,1,-1,0.0
S1-509723568,S2-824343493,S2,0.0806922,1,0,FALSE_NEGATIVE,MODEL_DECISION_THRESHOLD,0.836,0.0,-1,-1,-1,1,-1,0.0
S1-990718988,S3-883913872,S3,0.088352256,1,0,FALSE_NEGATIVE,MODEL_DECISION_THRESHOLD,0.8648648648648648,0.0,-1,-1,-1,1,-1,0.0
S1-355649086,S3-804821727,S3,0.1690179,1,0,FALSE_NEGATIVE,MODEL_DECISION_THRESHOLD,0.7189189189189189,0.855,-1,-1,-1,1,-1,0.0
S1-556312606,S3-997464294,S3,0.17972772,1,0,FALSE_NEGATIVE,MODEL_DECISION_THRESHOLD,0.54,0.6670212765957446,-1,-1,-1,1,-1,0.0
S1-800482427,S3-355590735,S3,0.22241546,1,0,FALSE_NEGATIVE,MODEL_DECISION_THRESHOLD,0.8142857142857142,0.0,-1,-1,-1,1,-1,0.0
S1-578641214,S3-92912454,S3,0.2866086,1,0,FALSE_NEGATIVE,MODEL_DECISION_THRESHOLD,0.9259259259259259,0.855,-1,-1,-1,1,-1,0.0
S1-618570184,S2-136216991,S2,0.32568622,1,0,FALSE_NEGATIVE,MODEL_DECISION_THRESHOLD,0.8484848484848484,0.0,-1,-1,-1,1,-1,0.0
S1-252242682,S2-84842746,S2,0.4484362,1,0,FALSE_NEGATIVE,MODEL_DECISION_THRESHOLD,0.7222222222222221,0.5555555555555556,-1,-1,1,1,-1,0.0
S1-187558029,S3-816315044,S3,0.4629025,1,0,FALSE_NEGATIVE,MODEL_DECISION_THRESHOLD,0.9,0.0,-1,-1,-1,1,-1,0.0
S1-585596917,S3-870808310,S3,0.4891885,1,0,FALSE_NEGATIVE,MODEL_DECISION_THRESHOLD,0.9,0.0,-1,-1,-1,1,-1,0.0
S1-89160825,S3-700656227,S3,0.51073414,1,0,FALSE_NEGATIVE,MODEL_DECISION_THRESHOLD,0.88,0.855,-1,-1,-1,1,-1,0.0
S1-340817900,S2-798817879,S2,0.51832676,1,0,FALSE_NEGATIVE,MODEL_DECISION_THRESHOLD,0.903883495145631,0.0,-1,-1,-1,1,-1,0.0
S1-328164935,S3-15077703,S3,0.54999024,1,0,FALSE_NEGATIVE,MODEL_DECISION_THRESHOLD,0.9,0.0,-1,-1,-1,1,-1,0.0
S1-629969170,S3-691669074,S3,0.5506749,1,0,FALSE_NEGATIVE,MODEL_DECISION_THRESHOLD,0.853623188405797,0.0,-1,-1,-1,1,-1,0.0
S1-659821047,S3-963440706,S3,0.68904614,1,0,FALSE_NEGATIVE,MODEL_DECISION_THRESHOLD,0.8181818181818181,0.0,-1,-1,-1,1,-1,0.0
S1-758075760,S2-65752861,S2,0.69207156,1,0,FALSE_NEGATIVE,MODEL_DECISION_THRESHOLD,0.95,0.0,-1,-1,-1,1,-1,0.0
