feature,importance,importance_rank
address_char_cosine,0.54265,1
address_tfidf_cosine,0.28272423,2
name_char_cosine,0.03262605,3
name_tfidf_cosine,0.014374585,4
address_length_ratio,0.0142736025,5
same_house_number,0.012029072,6
name_wratio,0.010706439,7
name_jaccard,0.010227705,8
address_jaccard,0.0084138345,9
address_token_sort_ratio,0.006938961,10
address_similarity,0.006118179,11
name_levenshtein,0.005790084,12
address_length_difference,0.005704248,13
address_fuzz_ratio,0.005003617,14
name_token_sort_ratio,0.0046808654,15
address_ratio,0.0045466223,16
address_token_set_ratio,0.0038371885,17
house_number_match,0.003301482,18
address_length_diff,0.0028240168,19
address_wratio,0.0025146182,20
name_ratio,0.0024655033,21
name_token_set_ratio,0.0021777195,22
name_address_similarity_product,0.0021705665,23
name_token_count_diff,0.002126322,24
name_fuzz_ratio,0.002061613,25
address_partial_ratio,0.0018817278,26
name_length_difference,0.0018546899,27
name_length_ratio,0.001704912,28
name_length_diff,0.0015944362,29
name_address_similarity_sum,0.0015440384,30
name_len_ratio,0.0011330511,31
same_country,0.0,32
country_match,0.0,33
same_state,0.0,34
address_city_match,0.0,35
name_missing,0.0,36
same_city,0.0,37
same_postal_code,0.0,38
state_match,0.0,39
city_match,0.0,40
postal_match,0.0,41
address_street_type_match,0.0,42
address_numeric_match,0.0,43
address_numeric_overlap,0.0,44
address_missing,0.0,45
both_missing,0.0,46
address_levenshtein,0.0,47
