precision,recall,f05,f1,tp,fp,fn,tn,total,threshold,margin
0.997528,0.980559,0.994087,0.988971,1614,4,32,23424,25074,0.8,0.0
0.997526,0.979951,0.993961,0.988661,1613,4,33,23424,25074,0.805,0.0
0.997526,0.979951,0.993961,0.988661,1613,4,33,23424,25074,0.81,0.0
0.997526,0.979951,0.993961,0.988661,1613,4,33,23424,25074,0.815,0.0
0.997525,0.979344,0.993835,0.988351,1612,4,34,23424,25074,0.82,0.0
0.997525,0.979344,0.993835,0.988351,1612,4,34,23424,25074,0.825,0.0
0.997522,0.978129,0.993582,0.98773,1610,4,36,23424,25074,0.83,0.0
0.997522,0.978129,0.993582,0.98773,1610,4,36,23424,25074,0.835,0.0
0.997522,0.978129,0.993582,0.98773,1610,4,36,23424,25074,0.84,0.0
0.997522,0.978129,0.993582,0.98773,1610,4,36,23424,25074,0.845,0.0
0.99814,0.978129,0.994073,0.988033,1610,3,36,23425,25074,0.85,0.0
0.998139,0.977521,0.993946,0.987723,1609,3,37,23425,25074,0.855,0.0
0.998138,0.976914,0.99382,0.987412,1608,3,38,23425,25074,0.86,0.0
0.998138,0.976914,0.99382,0.987412,1608,3,38,23425,25074,0.865,0.0
0.998758,0.976914,0.994311,0.987715,1608,2,38,23426,25074,0.87,0.0
0.998758,0.976914,0.994311,0.987715,1608,2,38,23426,25074,0.875,0.0
0.998758,0.976914,0.994311,0.987715,1608,2,38,23426,25074,0.88,0.0
0.998758,0.976914,0.994311,0.987715,1608,2,38,23426,25074,0.885,0.0
0.998758,0.976914,0.994311,0.987715,1608,2,38,23426,25074,0.89,0.0
0.998758,0.976914,0.994311,0.987715,1608,2,38,23426,25074,0.895,0.0
0.998758,0.976914,0.994311,0.987715,1608,2,38,23426,25074,0.9,0.0
0.998757,0.976306,0.994185,0.987404,1607,2,39,23426,25074,0.905,0.0
0.999378,0.976306,0.994677,0.987707,1607,1,39,23427,25074,0.91,0.0
0.999378,0.975699,0.99455,0.987396,1606,1,40,23427,25074,0.915,0.0
0.999378,0.975699,0.99455,0.987396,1606,1,40,23427,25074,0.92,0.0
0.999377,0.975091,0.994424,0.987085,1605,1,41,23427,25074,0.925,0.0
0.999377,0.975091,0.994424,0.987085,1605,1,41,23427,25074,0.93,0.0
1.0,0.974484,0.99479,0.987077,1604,0,42,23428,25074,0.935,0.0
1.0,0.974484,0.99479,0.987077,1604,0,42,23428,25074,0.94,0.0
1.0,0.973876,0.994664,0.986765,1603,0,43,23428,25074,0.945,0.0
1.0,0.972661,0.99441,0.986141,1601,0,45,23428,25074,0.95,0.0
1.0,0.972053,0.994283,0.985829,1600,0,46,23428,25074,0.955,0.0
1.0,0.971446,0.994156,0.985516,1599,0,47,23428,25074,0.96,0.0
1.0,0.970231,0.993901,0.984891,1597,0,49,23428,25074,0.965,0.0
1.0,0.970231,0.993901,0.984891,1597,0,49,23428,25074,0.97,0.0
1.0,0.969623,0.993773,0.984577,1596,0,50,23428,25074,0.975,0.0
1.0,0.967193,0.993262,0.983323,1592,0,54,23428,25074,0.98,0.0
1.0,0.965978,0.993005,0.982695,1590,0,56,23428,25074,0.985,0.0
1.0,0.962333,0.992233,0.980805,1584,0,62,23428,25074,0.99,0.0
