s1_entity_id,candidate_entity_id,candidate_source,y_true,prediction_probability,prediction,model,error_type
s1_3,c_3,S2,0,0.50010777,1,XGBoost,FALSE_POSITIVE
s1_5,c_5,S2,0,0.5349003,1,XGBoost,FALSE_POSITIVE
s1_25,c_25,S2,1,0.35952884,0,XGBoost,FALSE_NEGATIVE
s1_29,c_29,S2,1,0.48205492,0,XGBoost,FALSE_NEGATIVE
s1_39,c_39,S2,1,0.45792153,0,XGBoost,FALSE_NEGATIVE
s1_48,c_48,S2,1,0.44232833,0,XGBoost,FALSE_NEGATIVE
s1_78,c_78,S2,1,0.45635748,0,XGBoost,FALSE_NEGATIVE
s1_87,c_87,S2,1,0.44444078,0,XGBoost,FALSE_NEGATIVE
s1_88,c_88,S2,0,0.5039215,1,XGBoost,FALSE_POSITIVE
s1_100,c_100,S2,1,0.487155,0,XGBoost,FALSE_NEGATIVE
s1_118,c_118,S2,1,0.39771667,0,XGBoost,FALSE_NEGATIVE
s1_125,c_125,S2,0,0.59589094,1,XGBoost,FALSE_POSITIVE
s1_127,c_127,S2,1,0.4434252,0,XGBoost,FALSE_NEGATIVE
s1_130,c_130,S2,0,0.5046486,1,XGBoost,FALSE_POSITIVE
s1_131,c_131,S2,0,0.5122006,1,XGBoost,FALSE_POSITIVE
s1_135,c_135,S2,1,0.42314595,0,XGBoost,FALSE_NEGATIVE
s1_136,c_136,S2,1,0.43814465,0,XGBoost,FALSE_NEGATIVE
s1_171,c_171,S2,0,0.5284735,1,XGBoost,FALSE_POSITIVE
s1_181,c_181,S2,1,0.49439356,0,XGBoost,FALSE_NEGATIVE
s1_186,c_186,S2,0,0.5465866,1,XGBoost,FALSE_POSITIVE
s1_190,c_190,S2,1,0.46924508,0,XGBoost,FALSE_NEGATIVE
s1_194,c_194,S2,0,0.55140984,1,XGBoost,FALSE_POSITIVE
s1_204,c_204,S2,1,0.48668942,0,XGBoost,FALSE_NEGATIVE
s1_205,c_205,S2,1,0.4568041,0,XGBoost,FALSE_NEGATIVE
s1_206,c_206,S2,0,0.56913745,1,XGBoost,FALSE_POSITIVE
s1_209,c_209,S2,1,0.34711674,0,XGBoost,FALSE_NEGATIVE
s1_215,c_215,S2,1,0.49003837,0,XGBoost,FALSE_NEGATIVE
s1_216,c_216,S2,1,0.45953414,0,XGBoost,FALSE_NEGATIVE
s1_231,c_231,S2,0,0.55777633,1,XGBoost,FALSE_POSITIVE
s1_232,c_232,S2,1,0.44030517,0,XGBoost,FALSE_NEGATIVE
s1_235,c_235,S2,0,0.5421119,1,XGBoost,FALSE_POSITIVE
s1_243,c_243,S2,0,0.56363064,1,XGBoost,FALSE_POSITIVE
s1_260,c_260,S2,1,0.4757695,0,XGBoost,FALSE_NEGATIVE
s1_266,c_266,S2,0,0.50649714,1,XGBoost,FALSE_POSITIVE
s1_267,c_267,S2,0,0.6044207,1,XGBoost,FALSE_POSITIVE
s1_284,c_284,S2,1,0.46642402,0,XGBoost,FALSE_NEGATIVE
s1_295,c_295,S2,1,0.4684956,0,XGBoost,FALSE_NEGATIVE
s1_298,c_298,S2,0,0.5103701,1,XGBoost,FALSE_POSITIVE
s1_301,c_301,S2,0,0.53852075,1,XGBoost,FALSE_POSITIVE
s1_306,c_306,S2,0,0.56173414,1,XGBoost,FALSE_POSITIVE
s1_309,c_309,S2,1,0.4373633,0,XGBoost,FALSE_NEGATIVE
s1_324,c_324,S2,1,0.47016433,0,XGBoost,FALSE_NEGATIVE
s1_325,c_325,S2,0,0.5505949,1,XGBoost,FALSE_POSITIVE
s1_326,c_326,S2,0,0.5202728,1,XGBoost,FALSE_POSITIVE
s1_327,c_327,S2,1,0.4385189,0,XGBoost,FALSE_NEGATIVE
s1_345,c_345,S2,1,0.4817075,0,XGBoost,FALSE_NEGATIVE
s1_354,c_354,S2,1,0.4135391,0,XGBoost,FALSE_NEGATIVE
s1_375,c_375,S2,1,0.40729976,0,XGBoost,FALSE_NEGATIVE
s1_391,c_391,S2,1,0.48487574,0,XGBoost,FALSE_NEGATIVE
s1_393,c_393,S2,1,0.47163227,0,XGBoost,FALSE_NEGATIVE
s1_397,c_397,S2,1,0.44051346,0,XGBoost,FALSE_NEGATIVE
s1_414,c_414,S2,0,0.53551495,1,XGBoost,FALSE_POSITIVE
s1_416,c_416,S2,0,0.64590466,1,XGBoost,FALSE_POSITIVE
s1_419,c_419,S2,1,0.46593437,0,XGBoost,FALSE_NEGATIVE
s1_434,c_434,S2,1,0.4987037,0,XGBoost,FALSE_NEGATIVE
s1_438,c_438,S2,0,0.5032676,1,XGBoost,FALSE_POSITIVE
s1_439,c_439,S2,0,0.50477135,1,XGBoost,FALSE_POSITIVE
s1_441,c_441,S2,1,0.45278186,0,XGBoost,FALSE_NEGATIVE
s1_444,c_444,S2,0,0.51034,1,XGBoost,FALSE_POSITIVE
s1_458,c_458,S2,1,0.33225262,0,XGBoost,FALSE_NEGATIVE
s1_476,c_476,S2,0,0.558781,1,XGBoost,FALSE_POSITIVE
s1_477,c_477,S2,0,0.5532714,1,XGBoost,FALSE_POSITIVE
s1_479,c_479,S2,1,0.49543077,0,XGBoost,FALSE_NEGATIVE
s1_496,c_496,S2,0,0.58689225,1,XGBoost,FALSE_POSITIVE
s1_502,c_502,S3,1,0.47769228,0,XGBoost,FALSE_NEGATIVE
s1_527,c_527,S3,0,0.5211139,1,XGBoost,FALSE_POSITIVE
s1_529,c_529,S3,0,0.5361041,1,XGBoost,FALSE_POSITIVE
s1_546,c_546,S3,1,0.45852095,0,XGBoost,FALSE_NEGATIVE
s1_566,c_566,S3,0,0.53056026,1,XGBoost,FALSE_POSITIVE
s1_567,c_567,S3,0,0.544894,1,XGBoost,FALSE_POSITIVE
s1_570,c_570,S3,0,0.50627595,1,XGBoost,FALSE_POSITIVE
s1_572,c_572,S3,1,0.46436423,0,XGBoost,FALSE_NEGATIVE
s1_580,c_580,S3,0,0.54549044,1,XGBoost,FALSE_POSITIVE
s1_586,c_586,S3,0,0.5221345,1,XGBoost,FALSE_POSITIVE
s1_649,c_649,S3,1,0.40537637,0,XGBoost,FALSE_NEGATIVE
s1_709,c_709,S3,1,0.4599202,0,XGBoost,FALSE_NEGATIVE
s1_714,c_714,S3,0,0.51082826,1,XGBoost,FALSE_POSITIVE
s1_730,c_730,S3,0,0.5164643,1,XGBoost,FALSE_POSITIVE
s1_745,c_745,S3,0,0.5595594,1,XGBoost,FALSE_POSITIVE
s1_754,c_754,S3,1,0.40071067,0,XGBoost,FALSE_NEGATIVE
s1_760,c_760,S3,1,0.4774633,0,XGBoost,FALSE_NEGATIVE
s1_772,c_772,S3,1,0.4722891,0,XGBoost,FALSE_NEGATIVE
s1_780,c_780,S3,0,0.50787294,1,XGBoost,FALSE_POSITIVE
s1_787,c_787,S3,1,0.45178458,0,XGBoost,FALSE_NEGATIVE
s1_794,c_794,S3,0,0.59536976,1,XGBoost,FALSE_POSITIVE
s1_801,c_801,S3,0,0.54954547,1,XGBoost,FALSE_POSITIVE
s1_802,c_802,S3,1,0.48090628,0,XGBoost,FALSE_NEGATIVE
s1_810,c_810,S3,1,0.47550347,0,XGBoost,FALSE_NEGATIVE
s1_811,c_811,S3,0,0.5600625,1,XGBoost,FALSE_POSITIVE
s1_816,c_816,S3,0,0.57896405,1,XGBoost,FALSE_POSITIVE
s1_821,c_821,S3,0,0.5097841,1,XGBoost,FALSE_POSITIVE
s1_823,c_823,S3,1,0.4787881,0,XGBoost,FALSE_NEGATIVE
s1_824,c_824,S3,1,0.4117096,0,XGBoost,FALSE_NEGATIVE
s1_852,c_852,S3,0,0.51239276,1,XGBoost,FALSE_POSITIVE
s1_853,c_853,S3,1,0.47581774,0,XGBoost,FALSE_NEGATIVE
s1_857,c_857,S3,0,0.54119,1,XGBoost,FALSE_POSITIVE
s1_862,c_862,S3,0,0.54128504,1,XGBoost,FALSE_POSITIVE
s1_864,c_864,S3,0,0.5301236,1,XGBoost,FALSE_POSITIVE
s1_865,c_865,S3,1,0.3401297,0,XGBoost,FALSE_NEGATIVE
s1_885,c_885,S3,0,0.5276199,1,XGBoost,FALSE_POSITIVE
s1_887,c_887,S3,0,0.5324619,1,XGBoost,FALSE_POSITIVE
s1_897,c_897,S3,1,0.34409297,0,XGBoost,FALSE_NEGATIVE
s1_904,c_904,S3,1,0.37559965,0,XGBoost,FALSE_NEGATIVE
s1_908,c_908,S3,1,0.46988043,0,XGBoost,FALSE_NEGATIVE
s1_909,c_909,S3,0,0.59415853,1,XGBoost,FALSE_POSITIVE
s1_912,c_912,S3,0,0.5787206,1,XGBoost,FALSE_POSITIVE
s1_913,c_913,S3,0,0.5048731,1,XGBoost,FALSE_POSITIVE
s1_917,c_917,S3,1,0.43476933,0,XGBoost,FALSE_NEGATIVE
s1_918,c_918,S3,0,0.58693385,1,XGBoost,FALSE_POSITIVE
s1_929,c_929,S3,0,0.5549417,1,XGBoost,FALSE_POSITIVE
s1_932,c_932,S3,0,0.50276756,1,XGBoost,FALSE_POSITIVE
s1_933,c_933,S3,0,0.5127401,1,XGBoost,FALSE_POSITIVE
s1_950,c_950,S3,0,0.5425442,1,XGBoost,FALSE_POSITIVE
s1_953,c_953,S3,1,0.44947305,0,XGBoost,FALSE_NEGATIVE
s1_956,c_956,S3,1,0.478381,0,XGBoost,FALSE_NEGATIVE
s1_966,c_966,S3,1,0.44972757,0,XGBoost,FALSE_NEGATIVE
s1_989,c_989,S3,1,0.47575316,0,XGBoost,FALSE_NEGATIVE
s1_990,c_990,S3,1,0.49532604,0,XGBoost,FALSE_NEGATIVE
s1_994,c_994,S3,1,0.38316217,0,XGBoost,FALSE_NEGATIVE
s1_995,c_995,S3,0,0.5303982,1,XGBoost,FALSE_POSITIVE
