precision,recall,f05,f1,tp,fp,fn,tn,total,margin,margin_fail_s1_count
1.0,0.974484,0.99479,0.987077,1604,0,42,23428,25074,0.0,0
1.0,0.035237,0.15442,0.068075,58,0,1588,23428,25074,0.001,419
1.0,0.025516,0.115766,0.049763,42,0,1604,23428,25074,0.005,425
1.0,0.024301,0.110742,0.04745,40,0,1606,23428,25074,0.01,426
1.0,0.023086,0.105673,0.045131,38,0,1608,23428,25074,0.02,427
1.0,0.021871,0.100559,0.042806,36,0,1610,23428,25074,0.05,428
1.0,0.021871,0.100559,0.042806,36,0,1610,23428,25074,0.1,428
1.0,0.021871,0.100559,0.042806,36,0,1610,23428,25074,0.15,428
1.0,0.021871,0.100559,0.042806,36,0,1610,23428,25074,0.2,428
1.0,0.021871,0.100559,0.042806,36,0,1610,23428,25074,0.3,428
1.0,0.020656,0.095398,0.040476,34,0,1612,23428,25074,0.5,430
